id,product_full_name,product_fabric_icon_1,slug_fabric_icon_1,product_fabric_icon_2,slug_fabric_icon_2,product_fabric_icon_3,slug_fabric_icon_3,product_fabric_icon_4,slug_fabric_icon_4,product_fabric_icon_5,slug_fabric_icon_5,show_on_category_page,popular,is_new,available_for_delivery_2,available_for_delivery_28,available_in_showroom,product_img,description,price,closeup,width,depth,height,pdf,product_inside,product_inside_pillow,carcas_type,paws_type,mechanism_type,sleep_place,linen_drawer,scheme,features,created,updated,product_slug,category_id,collection_id,fabric_name_id,popover_id,slider_interior_id,carousel_item_1,carousel_item_2,carousel_item_3,carousel_item_4,carousel_item_5,carousel_item_mob_1,carousel_item_mob_2,carousel_item_mob_3,carousel_item_mob_4,carousel_item_mob_5,price_old,popover_img,carousel_item_6,carousel_item_mob_6,product_img_mob,show_fabric_icons,d3
39,Прямой диван Consono,fabric_icons/CORSO_08.png,corso-08,fabric_icons/KILIAN_01.png,kilian-01,fabric_icons/PIXEL_FOREST.png,pixel-forest,fabric_icons/TEDDY_955.png,teddy-955,fabric_icons/VELUTTO_04.png,velutto-04,true,true,true,true,true,true,images/CONSONO_SOFA_2M_ST_CORSO_08_GOODS_02.png,"Consono – модульная система, которая состоит из диванов, кушеток, пуфов и кресел. Лаконичный и современный дизайн органично впишется в любые пространства. Сиденье выполнено из пенополиуретана нового поколения Elax. Уровень комфорта Consono чрезвычайно высок благодаря возможности регуляции положения спинки и используемым в подушках наполнением. Благодаря изящным металлическим ножкам в виде шпильки силуэт модульной системы остаётся лёгким и парящим.",128292,closeups/CONSONO_CORNER_ST_LEFT_CORSO_08_CLOSEUP.jpg,205,84,110,pdf/CONSONO.pdf,Инновационная пена Elax,Пух-перо,Фанера,Сталь,нет,нет,нет,schemes/CON_ARMCH.svg,"Изменяемая глубина посадки, ортопедические свойства",2024-03-14 00:22:49.000 +0300,2024-03-14 00:26:49.000 +0300,consono-cornerstl-corso-08,10,1,8,1,2,carousel/CONSONO_SOFA_2M_CORSO_08_CARD_01.jpg,carousel/CONSONO_CORNER_ST_LEFT_CORSO_08_CARD_02.jpg,carousel/CONSONO_CORNER_ST_LEFT_CORSO_08_CARD_03.jpg,carousel/CONSONO_CORNER_ST_LEFT_CORSO_08_CARD_04.jpg,carousel/CONSONO_CORNER_ST_LEFT_CORSO_08_CARD_05.jpg,carousel/CONSONO_CORNER_ST_LEFT_CORSO_08_CARD_MOB_01.jpg,carousel/CONSONO_CORNER_ST_LEFT_CORSO_08_CARD_MOB_02.jpg,carousel/CONSONO_CORNER_ST_LEFT_CORSO_08_CARD_MOB_03.jpg,carousel/CONSONO_CORNER_ST_LEFT_CORSO_08_CARD_MOB_04.jpg,carousel/CONSONO_CORNER_ST_LEFT_CORSO_08_CARD_MOB_05.jpg,,popovers/CONSONO_ARM_PIXEL_FOREST_2_mob.jpg,,,images/CONSONO_SOFA_2M_ST_CORSO_08_GOODS_02.png,true,3d/CONSONO_ARM_MAX2018.zip
40,Прямой диван Consono,fabric_icons/CORSO_08.png,corso-08,fabric_icons/KILIAN_01.png,kilian-01,fabric_icons/PIXEL_FOREST.png,pixel-forest,fabric_icons/TEDDY_955.png,teddy-955,fabric_icons/VELUTTO_04.png,velutto-04,true,true,true,true,true,true,images/CONSONO_SOFA_2M_ST_KILIAN_01_GOODS_02.png,"Consono – модульная система, которая состоит из диванов, кушеток, пуфов и кресел. Лаконичный и современный дизайн органично впишется в любые пространства. Сиденье выполнено из пенополиуретана нового поколения Elax. Уровень комфорта Consono чрезвычайно высок благодаря возможности регуляции положения спинки и используемым в подушках наполнением. Благодаря изящным металлическим ножкам в виде шпильки силуэт модульной системы остаётся лёгким и парящим.",128292,closeups/CONSONO_CORNER_ST_LEFT_KILIAN_01_CLOSEUP.jpg,205,84,110,pdf/CONSONO.pdf,Инновационная пена Elax,Пух-перо,Фанера,Сталь,нет,нет,нет,schemes/CON_ARMCH.svg,"Изменяемая глубина посадки, ортопедические свойства",2024-03-14 00:22:49.000 +0300,2024-03-14 00:26:49.000 +0300,consono-cornerstl-kilian-01,10,1,7,1,2,carousel/CONSONO_SOFA_2M_ST_KILIAN_01_CARD_01.jpg,carousel/CONSONO_CORNER_ST_LEFT_KILIAN_01_CARD_02.jpg,carousel/CONSONO_CORNER_ST_LEFT_KILIAN_01_CARD_03.jpg,carousel/CONSONO_CORNER_ST_LEFT_KILIAN_01_CARD_04.jpg,carousel/CONSONO_CORNER_ST_LEFT_KILIAN_01_CARD_05.jpg,carousel/CONSONO_CORNER_ST_LEFT_KILIAN_01_CARD_MOB_01.jpg,carousel/CONSONO_CORNER_ST_LEFT_KILIAN_01_CARD_MOB_02.jpg,carousel/CONSONO_CORNER_ST_LEFT_KILIAN_01_CARD_MOB_03.jpg,carousel/CONSONO_CORNER_ST_LEFT_KILIAN_01_CARD_MOB_04.jpg,carousel/CONSONO_CORNER_ST_LEFT_KILIAN_01_CARD_MOB_05.jpg,,popovers/CONSONO_ARM_CAMBRIDGE_600_2_mob.jpg,,,images/CONSONO_SOFA_2M_ST_LEFT_KILIAN_01_GOODS_02.png,true,3d/CONSONO_ARM_MAX2018.zip
41,Прямой диван Consono,fabric_icons/CORSO_08.png,corso-08,fabric_icons/KILIAN_01.png,kilian-01,fabric_icons/PIXEL_FOREST.png,pixel-forest,fabric_icons/TEDDY_955.png,teddy-955,fabric_icons/VELUTTO_04.png,velutto-04,true,true,true,true,true,true,images/CONSONO_SOFA_2M_ST_PIXEL_FOREST_GOODS_02.png,"Consono – модульная система, которая состоит из диванов, кушеток, пуфов и кресел. Лаконичный и современный дизайн органично впишется в любые пространства. Сиденье выполнено из пенополиуретана нового поколения Elax. Уровень комфорта Consono чрезвычайно высок благодаря возможности регуляции положения спинки и используемым в подушках наполнением. Благодаря изящным металлическим ножкам в виде шпильки силуэт модульной системы остаётся лёгким и парящим.",128292,closeups/CONSONO_ARM_PIXEL_FOREST_CLOSEUP.jpg,205,84,110,pdf/CONSONO.pdf,Инновационная пена Elax,Пух-перо,Фанера,Сталь,нет,нет,нет,schemes/CON_ARMCH.svg,"Изменяемая глубина посадки, ортопедические свойства",2024-03-14 00:22:49.000 +0300,2024-03-14 00:26:49.000 +0300,consono-cornerstl-pixel-forest,10,1,4,1,2,carousel/CONSONO_SOFA_2M_ST_PIXEL_FOREST_CARD_01.jpg,carousel/CONSONO_CORNER_ST_LEFT_PIXEL_FOREST_CARD_02.jpg,carousel/CONSONO_CORNER_ST_LEFT_PIXEL_FOREST_CARD_03.jpg,carousel/CONSONO_CORNER_ST_LEFT_PIXEL_FOREST_CARD_04.jpg,carousel/CONSONO_CORNER_ST_LEFT_PIXEL_FOREST_CARD_05.jpg,carousel/CONSONO_CORNER_ST_LEFT_PIXEL_FOREST_CARD_MOB_01.jpg,carousel/CONSONO_CORNER_ST_LEFT_PIXEL_FOREST_CARD_MOB_02.jpg,carousel/CONSONO_CORNER_ST_LEFT_PIXEL_FOREST_CARD_MOB_03.jpg,carousel/CONSONO_CORNER_ST_LEFT_PIXEL_FOREST_MOB_04.jpg,carousel/CONSONO_CORNER_ST_LEFT_PIXEL_FOREST_CARD_MOB_05.jpg,,popovers/CONSONO_ARM_VELUTTO_32_2_mob.jpg,,,images/CONSONO_SOFA_2M_ST_LEFT_PIXEL_FOREST_GOODS_02.png,true,3d/CONSONO_ARM_MAX2018.zip
42,Прямой диван Consono,fabric_icons/CORSO_08.png,corso-08,fabric_icons/KILIAN_01.png,kilian-01,fabric_icons/PIXEL_FOREST.png,pixel-forest,fabric_icons/TEDDY_955.png,teddy-955,fabric_icons/VELUTTO_04.png,velutto-04,true,true,true,true,true,true,images/CONSONO_SOFA_2M_ST_TEDDY_955_GOODS_02.png,"Consono – модульная система, которая состоит из диванов, кушеток, пуфов и кресел. Лаконичный и современный дизайн органично впишется в любые пространства. Сиденье выполнено из пенополиуретана нового поколения Elax. Уровень комфорта Consono чрезвычайно высок благодаря возможности регуляции положения спинки и используемым в подушках наполнением. Благодаря изящным металлическим ножкам в виде шпильки силуэт модульной системы остаётся лёгким и парящим.",128292,closeups/CONSONO_CORNER_ST_LEFT_TEDDY_955_CLOSEUP.jpg,205,84,110,pdf/CONSONO.pdf,Инновационная пена Elax,Пух-перо,Фанера,Сталь,нет,нет,нет,schemes/CON_ARMCH.svg,"Изменяемая глубина посадки, ортопедические свойства",2024-03-14 00:22:49.000 +0300,2024-03-14 00:26:49.000 +0300,consono-cornerstl-teddy-955,10,1,6,1,2,carousel/CONSONO_SOFA_2M_ST_TEDDY_955_CARD_01.jpg,carousel/CONSONO_CORNER_ST_LEFT_TEDDY_955_CARD_02.jpg,carousel/CONSONO_CORNER_ST_LEFT_TEDDY_955_03.jpg,carousel/CONSONO_CORNER_ST_LEFT_TEDDY_955_CARD_04.jpg,carousel/CONSONO_CORNER_ST_LEFT_TEDDY_955_CARD_05.jpg,carousel/CONSONO_CORNER_ST_LEFT_CORSO_TEDDY_955_CARD_MOB_01.jpg,carousel/CONSONO_CORNER_ST_LEFT_TEDDY_955_CARD_MOB_02.jpg,carousel/CONSONO_CORNER_ST_LEFT_TEDDY_955_CARD_MOB_03.jpg,carousel/CONSONO_CORNER_ST_LEFT_TEDDY_955_CARD_MOB_04.jpg,carousel/CONSONO_CORNER_ST_LEFT_TEDDY_955_CARD_MOB_05.jpg,,popovers/CONSONO_ARM_JAZZ_01_2_mob.jpg,,,images/CONSONO_SOFA_2M_ST_LEFT_TEDDY_955_GOODS_02.png,true,3d/CONSONO_ARM_MAX2018.zip
43,Прямой диван Consono,fabric_icons/CORSO_08.png,corso-08,fabric_icons/KILIAN_01.png,kilian-01,fabric_icons/PIXEL_FOREST.png,pixel-forest,fabric_icons/TEDDY_955.png,teddy-955,fabric_icons/VELUTTO_04.png,velutto-04,true,true,true,true,true,true,images/CONSONO_SOFA_2M_ST_VELUTTO_04_GOODS_02.png,"Consono – модульная система, которая состоит из диванов, кушеток, пуфов и кресел. Лаконичный и современный дизайн органично впишется в любые пространства. Сиденье выполнено из пенополиуретана нового поколения Elax. Уровень комфорта Consono чрезвычайно высок благодаря возможности регуляции положения спинки и используемым в подушках наполнением. Благодаря изящным металлическим ножкам в виде шпильки силуэт модульной системы остаётся лёгким и парящим.",128292,closeups/CONSONO_CORNER_ST_LEFT_VELUTTO_04_CLOSEUP.jpg,205,84,110,pdf/CONSONO.pdf,Инновационная пена Elax,Пух-перо,Фанера,Сталь,нет,нет,нет,schemes/CON_ARMCH.svg,"Изменяемая глубина посадки, ортопедические свойства",2024-03-14 00:22:49.000 +0300,2024-03-14 00:26:49.000 +0300,consono-cornerstl-velutto-04,10,1,9,1,2,carousel/CONSONO_SOFA_2M_ST_VELUTTO_04_CARD_01.jpg,carousel/CONSONO_CORNER_ST_LEFT_VELUTTO_04_CARD_02.jpg,carousel/CONSONO_CORNER_ST_LEFT_VELUTTO_04_CARD_03.jpg,carousel/CONSONO_CORNER_ST_LEFT_VELUTTO_04_CARD_04.jpg,carousel/CONSONO_CORNER_ST_LEFT_VELUTTO_04_CARD_05.jpg,carousel/CONSONO_CORNER_ST_LEFT_VELUTTO_04_CARD_MOB_01.jpg,carousel/CONSONO_CORNER_ST_LEFT_VELUTTO_04_CARD_MOB_02.jpg,carousel/CONSONO_CORNER_ST_LEFT_VELUTTO_04_CARD_MOB_03.jpg,carousel/CONSONO_CORNER_ST_LEFT_VELUTTO_04_CARD_MOB_04.jpg,carousel/CONSONO_CORNER_ST_LEFT_VELUTTO_04_CARD_MOB_05.jpg,,popovers/CONSONO_ARM_PIXEL_FOREST_2_mob.jpg,,,images/CONSONO_SOFA_2M_ST_LEFT_VELUTTO_04_GOODS_02.png,true,3d/CONSONO_ARM_MAX2018.zip
44,Прямой диван Amfic,fabric_icons/CORSO_08.png,corso-08,fabric_icons/LEATHER_BLACK.png,leather-black,fabric_icons/LEATHER_BROWN.png,leather-brown,fabric_icons/VELUTTO_16.png,velutto-16,,,true,true,true,true,true,true,images/AMFIC_SOFA_2M_ST_CORSO_08_GOODS_01.png,"Маленький диван для ресторана, кафе от производителя",50001,closeups/AMFIC_SOFA_CORS0_08_CLOSEUP_04.jpg,136,90,90,pdf/CONSONO.pdf,Инновационная пена Elax,Пух-перо,Фанера,Сталь,нет,нет,нет,schemes/CON_ARMCH.svg,"Изменяемая глубина посадки, ортопедические свойства",2024-03-14 00:22:49.000 +0300,2024-03-14 00:26:49.000 +0300,amfic-sofa_2m_st-corso-08,10,4,8,1,2,carousel/AMFIC_SOFA_2M_ST_CORSO_08_CARD_01.jpg,carousel/AMFIC_SOFA_2M_ST_CORSO_08_CARD_02.jpg,carousel/AMFIC_SOFA_2M_ST_CORSO_08_CARD_03.jpg,,,carousel/AMFIC_SOFA_2M_ST_CORSO_08_CARD_MOB_01.jpg,carousel/AMFIC_SOFA_2M_ST_CORSO_08_CARD_MOB_02.jpg,carousel/AMFIC_SOFA_2M_ST_CORSO_08_CARD_MOB_03.jpg,,,,carousel/AMFIC_SOFA_2M_ST_CORSO_08_CARD_MOB_01.jpg,,,images/AMFIC_SOFA_CORSO_08_GOODS_01.png,true,3d/CONSONO_ARM_MAX2018.zip
45,Прямой диван Amfic,fabric_icons/CORSO_08.png,corso-08,fabric_icons/LEATHER_BLACK.png,leather-black,fabric_icons/LEATHER_BROWN.png,leather-brown,fabric_icons/VELUTTO_16.png,velutto-16,,,true,true,true,true,true,true,images/AMFIC_SOFA_2M_ST_LEATHER_BROWN__GOODS_01.png,"Маленький диван для ресторана, кафе от производителя",50001,closeups/AMFIC_SOFA_CORS0_08_CLOSEUP_04.jpg,136,90,90,pdf/CONSONO.pdf,Инновационная пена Elax,Пух-перо,Фанера,Сталь,нет,нет,нет,schemes/CON_ARMCH.svg,"Изменяемая глубина посадки, ортопедические свойства",2024-03-14 00:22:49.000 +0300,2024-03-14 00:26:49.000 +0300,amfic-sofa_2m_st-leather-black,10,4,12,1,2,carousel/AMFIC_SOFA_2M_ST_LEATHER_BLACK_CARD_01.jpg,carousel/AMFIC_SOFA_2M_ST_LEATHER_BLACK_CARD_02.jpg,carousel/AMFIC_SOFA_2M_ST_LEATHER_BLACK_CARD_03.jpg,,,carousel/AMFIC_SOFA_2M_ST_LEATHER_BLACK_CARD_MOB_01.jpg,carousel/AMFIC_SOFA_2M_ST_LEATHER_BLACK_CARD_MOB_02.jpg,carousel/AMFIC_SOFA_2M_ST_LEATHER_BLACK_CARD_MOB_03.jpg,,,,carousel/AMFIC_SOFA_2M_ST_LEATHER_BLACK_CARD_MOB_01.jpg,,,images/AMFIC_SOFA_LEATHER_BROWN__GOODS_01.png,true,3d/CONSONO_ARM_MAX2018.zip
46,Прямой диван Amfic,fabric_icons/CORSO_08.png,corso-08,fabric_icons/LEATHER_BLACK.png,leather-black,fabric_icons/LEATHER_BROWN.png,leather-brown,fabric_icons/VELUTTO_16.png,velutto-16,,,true,true,true,true,true,true,images/AMFIC_SOFA_2M_ST_LEATHER_BLACK_GOODS_01.png,"Маленький диван для ресторана, кафе от производителя",50001,closeups/AMFIC_SOFA_CORS0_08_CLOSEUP_04.jpg,136,90,90,pdf/CONSONO.pdf,Инновационная пена Elax,Пух-перо,Фанера,Сталь,нет,нет,нет,schemes/CON_ARMCH.svg,"Изменяемая глубина посадки, ортопедические свойства",2024-03-14 00:22:49.000 +0300,2024-03-14 00:26:49.000 +0300,amfic-sofa_2m_st-leather-brown,10,4,10,1,2,carousel/AMFIC_SOFA_2M_ST_LEATHER_BLROWN_CARD_01.jpg,carousel/AMFIC_SOFA_2M_ST_LEATHER_BLROWN_CARD_02.jpg,carousel/AMFIC_SOFA_2M_ST_LEATHER_BLROWN_CARD_03.jpg,,,carousel/AMFIC_SOFA_2M_ST_LEATHER_BLROWN_CARD_MOB_01.jpg,carousel/AMFIC_SOFA_2M_ST_LEATHER_BLROWN_CARD_MOB_02.jpg,carousel/AMFIC_SOFA_2M_ST_LEATHER_BLROWN_CARD_MOB_03.jpg,,,,carousel/AMFIC_SOFA_2M_ST_LEATHER_BLROWN_CARD_MOB_01.jpg,,,images/AMFIC_SOFA_LEATHER_BLACK_GOODS_01.png,true,3d/CONSONO_ARM_MAX2018.zip
47,Прямой диван Amfic,fabric_icons/CORSO_08.png,corso-08,fabric_icons/LEATHER_BLACK.png,leather-black,fabric_icons/LEATHER_BROWN.png,leather-brown,fabric_icons/VELUTTO_16.png,velutto-16,,,true,true,true,true,true,true,images/AMFIC_SOFA_2M_ST_VELUTTO_16_GOODS_01.png,"Маленький диван для ресторана, кафе от производителя",50001,closeups/AMFIC_SOFA_CORS0_08_CLOSEUP_04.jpg,136,90,90,pdf/CONSONO.pdf,Инновационная пена Elax,Пух-перо,Фанера,Сталь,нет,нет,нет,schemes/CON_ARMCH.svg,"Изменяемая глубина посадки, ортопедические свойства",2024-03-14 00:22:49.000 +0300,2024-03-14 00:26:49.000 +0300,amfic-sofa_2m_st-velutto-16,10,4,11,1,2,carousel/AMFIC_SOFA_2M_ST_VELUTTO_16_CARD_01.jpg,carousel/AMFIC_SOFA_2M_ST_VELUTTO_16_CARD_02.jpg,carousel/AMFIC_SOFA_2M_ST_VELUTTO_16_CARD_03.jpg,,,carousel/AMFIC_SOFA_2M_ST_VELUTTO_16_CARD_MOB_01.jpg,carousel/AMFIC_SOFA_2M_ST_VELUTTO_16_CARD_MOB_02.jpg,carousel/AMFIC_SOFA_2M_ST_VELUTTO_16_CARD_MOB_03.jpg,,,,carousel/AMFIC_SOFA_2M_ST_VELUTTO_16_CARD_MOB_01.jpg,,,images/AMFIC_SOFA_VELUTTO_16_GOODS_01.png,true,3d/CONSONO_ARM_MAX2018.zip
48,Прямой диван Amfic,fabric_icons/CORSO_08.png,corso-08,fabric_icons/LEATHER_BLACK.png,leather-black,fabric_icons/LEATHER_BROWN.png,leather-brown,fabric_icons/VELUTTO_16.png,velutto-16,,,true,true,true,true,true,true,images/AMFIC_SOFA_3M_ST_CORSO_08_GOODS_01.png,"Маленький диван для ресторана, кафе от производителя",52373,closeups/AMFIC_SOFA_CORS0_08_CLOSEUP_04.jpg,186,90,90,pdf/CONSONO.pdf,Инновационная пена Elax,Пух-перо,Фанера,Сталь,нет,нет,нет,schemes/CON_ARMCH.svg,"Изменяемая глубина посадки, ортопедические свойства",2024-03-14 00:22:49.000 +0300,2024-03-14 00:26:49.000 +0300,amfic-sofa_3m_st-corso-08,12,4,8,1,2,carousel/AMFIC_SOFA_3M_ST_CORSO_08_CARD_01.jpg,carousel/AMFIC_SOFA_3M_ST_CORSO_08_CARD_02.jpg,carousel/AMFIC_SOFA_3M_ST_CORSO_08_CARD_03.jpg,,,carousel/AMFIC_SOFA_3M_ST_CORSO_08_CARD_MOB_01.jpg,carousel/AMFIC_SOFA_3M_ST_CORSO_08_CARD_MOB_02.jpg,carousel/AMFIC_SOFA_3M_ST_CORSO_08_CARD_MOB_03.jpg,,,,carousel/AMFIC_SOFA_3M_ST_CORSO_08_CARD_MOB_01.jpg,,,images/AMFIC_SOFA_3SEAT_CORSO_08_GOODS_01.png,true,3d/CONSONO_ARM_MAX2018.zip
49,Прямой диван Amfic,fabric_icons/CORSO_08.png,corso-08,fabric_icons/LEATHER_BLACK.png,leather-black,fabric_icons/LEATHER_BROWN.png,leather-brown,fabric_icons/VELUTTO_16.png,velutto-16,,,true,true,true,true,true,true,images/AMFIC_SOFA_3M_ST_LEATHER_BROWN__GOODS_01.png,"Маленький диван для ресторана, кафе от производителя",52373,closeups/AMFIC_SOFA_CORS0_08_CLOSEUP_04.jpg,186,90,90,pdf/CONSONO.pdf,Инновационная пена Elax,Пух-перо,Фанера,Сталь,нет,нет,нет,schemes/CON_ARMCH.svg,"Изменяемая глубина посадки, ортопедические свойства",2024-03-14 00:22:49.000 +0300,2024-03-14 00:26:49.000 +0300,amfic-sofa_3m_st-leather-black,12,4,12,1,2,carousel/AMFIC_SOFA_3M_ST_LEATHER_BLACK_CARD_01.jpg,carousel/AMFIC_SOFA_3M_ST_LEATHER_BLACK_CARD_02.jpg,carousel/AMFIC_SOFA_3M_ST_LEATHER_BLACK_CARD_03.jpg,,,carousel/AMFIC_SOFA_3M_ST_LEATHER_BLACK_CARD_MOB_01.jpg,carousel/AMFIC_SOFA_3M_ST_LEATHER_BLACK_CARD_MOB_02.jpg,carousel/AMFIC_SOFA_3M_ST_LEATHER_BLACK_CARD_MOB_03.jpg,,,,carousel/AMFIC_SOFA_3M_ST_LEATHER_BLACK_CARD_MOB_01.jpg,,,images/AMFIC_SOFA_3SEAT_LEATHER_BROWN__GOODS_01.png,true,3d/CONSONO_ARM_MAX2018.zip
50,Прямой диван Amfic,fabric_icons/CORSO_08.png,corso-08,fabric_icons/LEATHER_BLACK.png,leather-black,fabric_icons/LEATHER_BROWN.png,leather-brown,fabric_icons/VELUTTO_16.png,velutto-16,,,true,true,true,true,true,true,images/AMFIC_SOFA_3M_ST_LEATHER_BLACK_GOODS_01.png,"Маленький диван для ресторана, кафе от производителя",52373,closeups/AMFIC_SOFA_CORS0_08_CLOSEUP_04.jpg,186,90,90,pdf/CONSONO.pdf,Инновационная пена Elax,Пух-перо,Фанера,Сталь,нет,нет,нет,schemes/CON_ARMCH.svg,"Изменяемая глубина посадки, ортопедические свойства",2024-03-14 00:22:49.000 +0300,2024-03-14 00:26:49.000 +0300,amfic-sofa_3m_st-leather-brown,12,4,10,1,2,carousel/AMFIC_SOFA_3M_ST_LEATHER_BLROWN_CARD_01.jpg,carousel/AMFIC_SOFA_3M_ST_LEATHER_BLROWN_CARD_02.jpg,carousel/AMFIC_SOFA_3M_ST_LEATHER_BLROWN_CARD_03.jpg,,,carousel/AMFIC_SOFA_3M_ST_LEATHER_BLROWN_CARD_MOB_01.jpg,carousel/AMFIC_SOFA_3M_ST_LEATHER_BLROWN_CARD_MOB_02.jpg,carousel/AMFIC_SOFA_3M_ST_LEATHER_BLROWN_CARD_MOB_03.jpg,,,,carousel/AMFIC_SOFA_3M_ST_LEATHER_BLROWN_CARD_MOB_01.jpg,,,images/AMFIC_SOFA_3SEAT_LEATHER_BLACK_GOODS_01.png,true,3d/CONSONO_ARM_MAX2018.zip
51,Прямой диван Amfic,fabric_icons/CORSO_08.png,corso-08,fabric_icons/LEATHER_BLACK.png,leather-black,fabric_icons/LEATHER_BROWN.png,leather-brown,fabric_icons/VELUTTO_16.png,velutto-16,,,true,true,true,true,true,true,images/AMFIC_SOFA_3M_ST_VELUTTO_16_GOODS_01.png,"Маленький диван для ресторана, кафе от производителя",52373,closeups/AMFIC_SOFA_CORS0_08_CLOSEUP_04.jpg,186,90,90,pdf/CONSONO.pdf,Инновационная пена Elax,Пух-перо,Фанера,Сталь,нет,нет,нет,schemes/CON_ARMCH.svg,"Изменяемая глубина посадки, ортопедические свойства",2024-03-14 00:22:49.000 +0300,2024-03-14 00:26:49.000 +0300,amfic-sofa_3m_st-velutto-16,12,4,11,1,2,carousel/AMFIC_SOFA_3M_ST_VELUTTO_16_CARD_01.jpg,carousel/AMFIC_SOFA_3M_ST_VELUTTO_16_CARD_02.jpg,carousel/AMFIC_SOFA_3M_ST_VELUTTO_16_CARD_03.jpg,,,carousel/AMFIC_SOFA_3M_ST_VELUTTO_16_CARD_MOB_01.jpg,carousel/AMFIC_SOFA_3M_ST_VELUTTO_16_CARD_MOB_02.jpg,carousel/AMFIC_SOFA_3M_ST_VELUTTO_16_CARD_MOB_03.jpg,,,,carousel/AMFIC_SOFA_3M_ST_VELUTTO_16_CARD_MOB_01.jpg,,,images/AMFIC_SOFA_3SEAT_VELUTTO_16_GOODS_01.png,true,3d/CONSONO_ARM_MAX2018.zip
52,Кресло Amfic,fabric_icons/CORSO_08.png,corso-08,fabric_icons/LEATHER_BLACK.png,leather-black,fabric_icons/LEATHER_BROWN.png,leather-brown,fabric_icons/VELUTTO_16.png,velutto-16,,,true,true,true,true,true,true,images/AMFIC_ARM_CORSO_08_GOODS_01.png,"Кресло для офиса, ресторана, кафе",35010,closeups/AMFIC_ARM_CORSO_08_CLOSEUP.png,86,90,90,pdf/CONSONO.pdf,Инновационная пена Elax,Пух-перо,Фанера,Сталь,нет,нет,нет,schemes/CON_ARMCH.svg,"Изменяемая глубина посадки, ортопедические свойства",2024-03-14 00:22:49.000 +0300,2024-03-14 00:26:49.000 +0300,amfic-arm-corso-08,1,4,8,1,2,carousel/AMFIC_ARM_CORSO_08_CARD_01.jpg,carousel/AMFIC_ARM_CORSO_08_CARD_02.jpg,carousel/AMFIC_ARM_CORSO_08_CARD_03.jpg,,,carousel/AMFIC_ARM_CORSO_08_CARD_MOB_01.jpg,carousel/AMFIC_ARM_CORSO_08_CARD_MOB_02.jpg,carousel/AMFIC_ARM_CORSO_08_CARD_MOB_03.jpg,,,,carousel/AMFIC_ARM_CORSO_08_CARD_MOB_01.jpg,,,images/AMFIC_ARM_CORSO_08_GOODS_01.png,true,3d/CONSONO_ARM_MAX2018.zip
53,Кресло Amfic,fabric_icons/CORSO_08.png,corso-08,fabric_icons/LEATHER_BLACK.png,leather-black,fabric_icons/LEATHER_BROWN.png,leather-brown,fabric_icons/VELUTTO_16.png,velutto-16,,,true,true,true,true,true,true,images/AMFIC_ARM_LEATHER_BROWN_GOODS_01.png,"Кресло для офиса, ресторана, кафе",35010,closeups/AMFIC_ARM_LEATHER_BROWN__CLOSEUP.png,86,90,90,pdf/CONSONO.pdf,Инновационная пена Elax,Пух-перо,Фанера,Сталь,нет,нет,нет,schemes/CON_ARMCH.svg,"Изменяемая глубина посадки, ортопедические свойства",2024-03-14 00:22:49.000 +0300,2024-03-14 00:26:49.000 +0300,amfic-arm-leather-black,1,4,12,1,2,carousel/AMFIC_ARM_LEATHER_BLACK_CARD_01.jpg,carousel/AMFIC_ARM_LEATHER_BLACK_CARD_02.jpg,carousel/AMFIC_ARM_LEATHER_BLACK_CARD_03.jpg,,,carousel/AMFIC_ARM_LEATHER_BLACK_CARD_MOB_01.jpg,carousel/AMFIC_ARM_LEATHER_BLACK_CARD_MOB_02.jpg,carousel/AMFIC_ARM_LEATHER_BLACK_CARD_MOB_03.jpg,,,,carousel/AMFIC_ARM_LEATHER_BLACK_CARD_MOB_01.jpg,,,images/AMFIC_ARM_LEATHER_BROWN_GOODS_01.png,true,3d/CONSONO_ARM_MAX2018.zip
54,Кресло Amfic,fabric_icons/CORSO_08.png,corso-08,fabric_icons/LEATHER_BLACK.png,leather-black,fabric_icons/LEATHER_BROWN.png,leather-brown,fabric_icons/VELUTTO_16.png,velutto-16,,,true,true,true,true,true,true,images/AMFIC_ARM_LEATHER_BLACK_GOODS_01.png,"Кресло для офиса, ресторана, кафе",35010,closeups/AMFIC_ARM_LEATHER_BLACK_CLOSEUP.png,86,90,90,pdf/CONSONO.pdf,Инновационная пена Elax,Пух-перо,Фанера,Сталь,нет,нет,нет,schemes/CON_ARMCH.svg,"Изменяемая глубина посадки, ортопедические свойства",2024-03-14 00:22:49.000 +0300,2024-03-14 00:26:49.000 +0300,amfic-arm-leather-brown,1,4,10,1,2,carousel/AMFIC_ARM_LEATHER_BLROWN_CARD_01.jpg,carousel/AMFIC_ARM_LEATHER_BLROWN_CARD_02.jpg,carousel/AMFIC_ARM_LEATHER_BLROWN_CARD_03.jpg,,,carousel/AMFIC_ARM_LEATHER_BLROWN_CARD_MOB_01.jpg,carousel/AMFIC_ARM_LEATHER_BLROWN_CARD_MOB_02.jpg,carousel/AMFIC_ARM_LEATHER_BLROWN_CARD_MOB_03.jpg,,,,carousel/AMFIC_ARM_LEATHER_BLROWN_CARD_MOB_01.jpg,,,images/AMFIC_ARM_LEATHER_BLACK_GOODS_01.png,true,3d/CONSONO_ARM_MAX2018.zip
55,Кресло Amfic,fabric_icons/CORSO_08.png,corso-08,fabric_icons/LEATHER_BLACK.png,leather-black,fabric_icons/LEATHER_BROWN.png,leather-brown,fabric_icons/VELUTTO_16.png,velutto-16,,,true,true,true,true,true,true,images/AMFIC_ARM_VELUTTO_16_GOODS_01.png,"Кресло для офиса, ресторана, кафе",35010,closeups/AMFIC_ARM_VELUTTO_16_CLOSEUP.png,86,90,90,pdf/CONSONO.pdf,Инновационная пена Elax,Пух-перо,Фанера,Сталь,нет,нет,нет,schemes/CON_ARMCH.svg,"Изменяемая глубина посадки, ортопедические свойства",2024-03-14 00:22:49.000 +0300,2024-03-14 00:26:49.000 +0300,amfic-arm-velutto-16,1,4,11,1,2,carousel/AMFIC_ARM_VELUTTO_16_CARD_01.jpg,carousel/AMFIC_ARM_VELUTTO_16_CARD_02.jpg,carousel/AMFIC_ARM_VELUTTO_16_CARD_03.jpg,,,carousel/AMFIC_ARM_VELUTTO_16_CARD_MOB_01.jpg,carousel/AMFIC_ARM_VELUTTO_16_CARD_MOB_02.jpg,carousel/AMFIC_ARM_VELUTTO_16_CARD_MOB_03.jpg,,,,carousel/AMFIC_ARM_VELUTTO_16_CARD_MOB_01.jpg,,,images/AMFIC_ARM_VELUTTO_16_GOODS_01.png,true,3d/CONSONO_ARM_MAX2018.zip
56,Угловой диван Avis,fabric_icons/CORSO_08.png,corso-08,fabric_icons/JAZZ_01.png,jazz-01,fabric_icons/KILIAN_01.png,kilian-01,,,,,true,true,true,true,true,true,images/AVIS_CORNER_CORS0_08_GOODS_01.png,Дизайнерский угловой диван станет украшением вашей гостиной,145120,closeups/AVIS_CORNER_CORS0_08_CLOSEUP.png,284,155,90,pdf/CONSONO.pdf,Инновационная пена Elax,Пух-перо,Фанера,Сталь,нет,нет,нет,schemes/CON_ARMCH.svg,"Изменяемая глубина посадки, ортопедические свойства",2024-03-14 00:22:49.000 +0300,2024-03-14 00:26:49.000 +0300,avis-cornerl-corso-08,3,5,8,1,2,carousel/AVIS_CORNER_CORS0_08_CARD_01.jpg,carousel/AVIS_CORNER_CORS0_08_CARD_02.jpg,carousel/AVIS_CORNER_CORS0_08_CARD_03.jpg,carousel/AVIS_CORNER_CORS0_08_CARD_04.jpg,,carousel/AVIS_CORNER_CORS0_08_CARD_MOB_01.jpg,carousel/AVIS_CORNER_CORS0_08_CARD_MOB_02.jpg,carousel/AVIS_CORNER_CORS0_08_CARD_MOB_03.jpg,carousel/AVIS_CORNER_CORS0_08_CARD_MOB_04.jpg,,,carousel/AVIS_CORNER_CORS0_08_CARD_01.jpg,,,images/AVIS_CORNER_CORS0_08_GOODS_01.png,true,3d/CONSONO_ARM_MAX2018.zip
57,Угловой диван Avis,fabric_icons/CORSO_08.png,corso-08,fabric_icons/JAZZ_01.png,jazz-01,fabric_icons/KILIAN_01.png,kilian-01,,,,,true,true,true,true,true,true,images/AVIS_CORNER_JAZZ_01_GOODS_01.png,Дизайнерский угловой диван станет украшением вашей гостиной,145120,closeups/AVIS_CORNER_JAZZ_01_CLOSEUP.png,284,155,90,pdf/CONSONO.pdf,Инновационная пена Elax,Пух-перо,Фанера,Сталь,нет,нет,нет,schemes/CON_ARMCH.svg,"Изменяемая глубина посадки, ортопедические свойства",2024-03-14 00:22:49.000 +0300,2024-03-14 00:26:49.000 +0300,avis-cornerl-jazz-01,3,5,2,1,2,carousel/AVIS_CORNER_JAZZ_01_CARD_01.jpg,carousel/AVIS_CORNER_JAZZ_01_CARD_02.jpg,carousel/AVIS_CORNER_JAZZ_01_CARD_03.jpg,carousel/AVIS_CORNER_JAZZ_01_CARD_04.jpg,,carousel/AVIS_CORNER_JAZZ_01_CARD_MOB_01.jpg,carousel/AVIS_CORNER_JAZZ_01_CARD_MOB_02.jpg,carousel/AVIS_CORNER_JAZZ_01_CARD_MOB_03.jpg,carousel/AVIS_CORNER_JAZZ_01_CARD_MOB_04.jpg,,,carousel/AVIS_CORNER_JAZZ_01_CARD_01.jpg,,,images/AVIS_CORNER_JAZZ_01_GOODS_01.png,true,3d/CONSONO_ARM_MAX2018.zip
58,Угловой диван Avis,fabric_icons/CORSO_08.png,corso-08,fabric_icons/JAZZ_01.png,jazz-01,fabric_icons/KILIAN_01.png,kilian-01,,,,,true,true,true,true,true,true,images/AVIS_CORNER_KILLIAN_01_GOODS_01.png,Дизайнерский угловой диван станет украшением вашей гостиной,145120,closeups/AVIS_CORNER_KILLIAN_01_CLOSEUP.png,284,155,90,pdf/CONSONO.pdf,Инновационная пена Elax,Пух-перо,Фанера,Сталь,нет,нет,нет,schemes/CON_ARMCH.svg,"Изменяемая глубина посадки, ортопедические свойства",2024-03-14 00:22:49.000 +0300,2024-03-14 00:26:49.000 +0300,avis-cornerl-kilian-01,3,5,7,1,2,carousel/AVIS_CORNER_KILLIAN_01_CARD_01.jpg,carousel/AVIS_CORNER_KILLIAN_01_CARD_02.jpg,carousel/AVIS_CORNER_KILLIAN_01_CARD_03.jpg,carousel/AVIS_CORNER_KILLIAN_01_CARD_04.jpg,,carousel/AVIS_CORNER_KILLIAN_01_CARD_MOB_01.jpg,carousel/AVIS_CORNER_KILLIAN_01_CARD_MOB_02.jpg,carousel/AVIS_CORNER_KILLIAN_01_CARD_MOB_03.jpg,carousel/AVIS_CORNER_KILLIAN_01_CARD_MOB_04.jpg,,,carousel/AVIS_CORNER_KILLIAN_01_CARD_01.jpg,,,images/AVIS_CORNER_KILLIAN_01_GOODS_01.png,true,3d/CONSONO_ARM_MAX2018.zip
59,Угловой диван Avis,fabric_icons/CORSO_08.png,corso-08,fabric_icons/JAZZ_01.png,jazz-01,fabric_icons/KILIAN_01.png,kilian-01,,,,,true,true,true,true,true,true,images/AVIS_CORNER_R_CORS0_08_GOODS_01.png,Дизайнерский угловой диван станет украшением вашей гостиной,145120,closeups/AVIS_CORNER_CORS0_08_CLOSEUP.png,284,155,90,pdf/CONSONO.pdf,Инновационная пена Elax,Пух-перо,Фанера,Сталь,нет,нет,нет,schemes/CON_ARMCH.svg,"Изменяемая глубина посадки, ортопедические свойства",2024-03-14 00:22:49.000 +0300,2024-03-14 00:26:49.000 +0300,avis-corner_r-corso-08,16,5,8,1,2,carousel/AVIS_CORNER_R_CORS0_08_CARD_01.jpg,carousel/AVIS_CORNER_R_CORS0_08_CARD_02.jpg,carousel/AVIS_CORNER_R_CORS0_08_CARD_03.jpg,carousel/AVIS_CORNER_R_CORS0_08_CARD_04.jpg,,carousel/AVIS_CORNER_R_CORS0_08_CARD_MOB_01.jpg,carousel/AVIS_CORNER_R_CORS0_08_CARD_MOB_02.jpg,carousel/AVIS_CORNER_R_CORS0_08_CARD_MOB_03.jpg,carousel/AVIS_CORNER_R_CORS0_08_CARD_MOB_04.jpg,,,carousel/AVIS_CORNER_R_CORS0_08_CARD_01.jpg,,,images/AVIS_CORNER_R_CORS0_08_GOODS_01.png,true,3d/CONSONO_ARM_MAX2018.zip
60,Угловой диван Avis,fabric_icons/CORSO_08.png,corso-08,fabric_icons/JAZZ_01.png,jazz-01,fabric_icons/KILIAN_01.png,kilian-01,,,,,true,true,true,true,true,true,images/AVIS_CORNER_R_JAZZ_01_GOODS_01.png,Дизайнерский угловой диван станет украшением вашей гостиной,145120,closeups/AVIS_CORNER_JAZZ_01_CLOSEUP.png,284,155,90,pdf/CONSONO.pdf,Инновационная пена Elax,Пух-перо,Фанера,Сталь,нет,нет,нет,schemes/CON_ARMCH.svg,"Изменяемая глубина посадки, ортопедические свойства",2024-03-14 00:22:49.000 +0300,2024-03-14 00:26:49.000 +0300,avis-corner_r-jazz-01,16,5,2,1,2,carousel/AVIS_CORNER_R_JAZZ_01_CARD_01.jpg,carousel/AVIS_CORNER_R_JAZZ_01_CARD_02.jpg,carousel/AVIS_CORNER_R_JAZZ_01_CARD_03.jpg,carousel/AVIS_CORNER_R_JAZZ_01_CARD_04.jpg,,carousel/AVIS_CORNER_R_JAZZ_01_CARD_MOB_01.jpg,carousel/AVIS_CORNER_R_JAZZ_01_CARD_MOB_02.jpg,carousel/AVIS_CORNER_R_JAZZ_01_CARD_MOB_03.jpg,carousel/AVIS_CORNER_R_JAZZ_01_CARD_MOB_04.jpg,,,carousel/AVIS_CORNER_R_JAZZ_01_CARD_01.jpg,,,images/AVIS_CORNER_R_JAZZ_01_GOODS_01.png,true,3d/CONSONO_ARM_MAX2018.zip
61,Угловой диван Avis,fabric_icons/CORSO_08.png,corso-08,fabric_icons/JAZZ_01.png,jazz-01,fabric_icons/KILIAN_01.png,kilian-01,,,,,true,true,true,true,true,true,images/AVIS_CORNER_R_KILLIAN_01_GOODS_01.png,Дизайнерский угловой диван станет украшением вашей гостиной,145120,closeups/AVIS_CORNER_KILLIAN_01_CLOSEUP.png,284,155,90,pdf/CONSONO.pdf,Инновационная пена Elax,Пух-перо,Фанера,Сталь,нет,нет,нет,schemes/CON_ARMCH.svg,"Изменяемая глубина посадки, ортопедические свойства",2024-03-14 00:22:49.000 +0300,2024-03-14 00:26:49.000 +0300,avis-corner_r-kilian-01,16,5,7,1,2,carousel/AVIS_CORNER_R_KILLIAN_01_CARD_01.jpg,carousel/AVIS_CORNER_R_KILLIAN_01_CARD_02.jpg,carousel/AVIS_CORNER_R_KILLIAN_01_CARD_03.jpg,carousel/AVIS_CORNER_R_KILLIAN_01_CARD_04.jpg,,carousel/AVIS_CORNER_R_KILLIAN_01_CARD_MOB_01.jpg,carousel/AVIS_CORNER_R_KILLIAN_01_CARD_MOB_02.jpg,carousel/AVIS_CORNER_R_KILLIAN_01_CARD_MOB_03.jpg,carousel/AVIS_CORNER_R_KILLIAN_01_CARD_MOB_04.jpg,,,carousel/AVIS_CORNER_R_KILLIAN_01_CARD_01.jpg,,,images/AVIS_CORNER_R_KILLIAN_01_GOODS_01.png,true,3d/CONSONO_ARM_MAX2018.zip
62,Модульная система Elementa,fabric_icons/CORSO_08.png,corso-08,fabric_icons/JAZZ_01.png,jazz-01,fabric_icons/KILIAN_01.png,kilian-01,fabric_icons/VELUTTO_32.png,velutto-32,,,true,true,true,true,true,true,images/ELEMENTA_EL2_182_EL_MAX_CORS0_08_GOODS_01.png,Модульная система Elementa – стильная доминанта гостиной,291620,closeups/ELEMENTA_EL2_182_EL_MAX_CORS0_08_CLOSEUP.jpg,250,106,80,pdf/CONSONO.pdf,Инновационная пена Elax,Пух-перо,Фанера,Сталь,Пантограф,да,нет,schemes/CON_ARMCH.svg,Ортопедические свойства,2024-03-14 00:22:49.000 +0300,2024-03-14 00:26:49.000 +0300,elementa-mod1-corso-08,5,3,8,1,2,carousel/ELEMENTA_EL2_182_EL_MAX_CORS0_08_CARD_01.jpg,carousel/ELEMENTA_EL2_182_EL_MAX_CORS0_08_CARD_02.jpg,carousel/ELEMENTA_EL2_182_EL_MAX_CORS0_08_CARD_03.jpg,carousel/ELEMENTA_EL2_182_EL_MAX_CORS0_08_CARD_04.jpg,,carousel/ELEMENTA_EL2_182_EL_MAX_CORS0_08_CARD_MOB_01.jpg,carousel/ELEMENTA_EL2_182_EL_MAX_CORS0_08_CARD_MOB_02.jpg,carousel/ELEMENTA_EL2_182_EL_MAX_CORS0_08_CARD_MOB_03.jpg,carousel/ELEMENTA_EL2_182_EL_MAX_CORS0_08_CARD_MOB_04.jpg,,,carousel/ELEMENTA_EL2_182_EL_MAX_CORS0_08_CARD_01.jpg,,,images/ELEMENTA_EL2_182_EL_MAX_CORS0_08_GOODS_01.png,true,3d/CONSONO_ARM_MAX2018.zip
63,Модульная система Elementa,fabric_icons/CORSO_08.png,corso-08,fabric_icons/JAZZ_01.png,jazz-01,fabric_icons/KILIAN_01.png,kilian-01,fabric_icons/VELUTTO_32.png,velutto-32,,,true,true,true,true,true,true,images/ELEMENTA_EL2_182_EL_MAX_JAZZ_01_GOODS_01.png,Модульная система Elementa – стильная доминанта гостиной,291620,closeups/ELEMENTA_EL2_182_EL_MAX_JAZZ_01_CLOSEUP.jpg,250,106,80,pdf/CONSONO.pdf,Инновационная пена Elax,Пух-перо,Фанера,Сталь,Пантограф,да,нет,schemes/CON_ARMCH.svg,Ортопедические свойства,2024-03-14 00:22:49.000 +0300,2024-03-14 00:26:49.000 +0300,elementa-mod1-jazz-01,5,3,2,1,2,carousel/ELEMENTA_EL2_182_EL_MAX_JAZZ_01_CARD_01.jpg,carousel/ELEMENTA_EL2_182_EL_MAX_JAZZ_01_CARD_02.jpg,carousel/ELEMENTA_EL2_182_EL_MAX_JAZZ_01_CARD_03.jpg,carousel/ELEMENTA_EL2_182_EL_MAX_JAZZ_01_CARD_04.jpg,,carousel/ELEMENTA_EL2_182_EL_MAX_JAZZ_01_CARD_MOB_01.jpg,carousel/ELEMENTA_EL2_182_EL_MAX_JAZZ_01_CARD_MOB_02.jpg,carousel/ELEMENTA_EL2_182_EL_MAX_JAZZ_01_CARD_MOB_03.jpg,carousel/ELEMENTA_EL2_182_EL_MAX_JAZZ_01_CARD_MOB_04.jpg,,,carousel/ELEMENTA_EL2_182_EL_MAX_JAZZ_01_CARD_01.jpg,,,images/ELEMENTA_EL2_182_EL_MAX_JAZZ_01_GOODS_01.png,true,3d/CONSONO_ARM_MAX2018.zip
64,Модульная система Elementa,fabric_icons/CORSO_08.png,corso-08,fabric_icons/JAZZ_01.png,jazz-01,fabric_icons/KILIAN_01.png,kilian-01,fabric_icons/VELUTTO_32.png,velutto-32,,,true,true,true,true,true,true,images/ELEMENTA_EL2_182_EL_MAX_KILLIAN_01_GOODS_01.png,Модульная система Elementa – стильная доминанта гостиной,291620,closeups/ELEMENTA_EL2_182_EL_MAX_KILLIAN_01_CLOSEUP.jpg,250,106,80,pdf/CONSONO.pdf,Инновационная пена Elax,Пух-перо,Фанера,Сталь,Пантограф,да,нет,schemes/CON_ARMCH.svg,Ортопедические свойства,2024-03-14 00:22:49.000 +0300,2024-03-14 00:26:49.000 +0300,elementa-mod1-kilian-01,5,3,7,1,2,carousel/ELEMENTA_EL2_182_EL_MAX_KILLIAN_01_CARD_01.jpg,carousel/ELEMENTA_EL2_182_EL_MAX_KILLIAN_01_CARD_02.jpg,carousel/ELEMENTA_EL2_182_EL_MAX_KILLIAN_01_CARD_03.jpg,carousel/ELEMENTA_EL2_182_EL_MAX_KILLIAN_01_CARD_04.jpg,,carousel/ELEMENTA_EL2_182_EL_MAX_KILLIAN_01_CARD_MOB_01.jpg,carousel/ELEMENTA_EL2_182_EL_MAX_KILLIAN_01_CARD_MOB_02.jpg,carousel/ELEMENTA_EL2_182_EL_MAX_KILLIAN_01_CARD_MOB_03.jpg,carousel/ELEMENTA_EL2_182_EL_MAX_KILLIAN_01_CARD_MOB_04.jpg,,,carousel/ELEMENTA_EL2_182_EL_MAX_KILLIAN_01_CARD_01.jpg,,,images/ELEMENTA_EL2_182_EL_MAX_KILLIAN_01_GOODS_01.png,true,3d/CONSONO_ARM_MAX2018.zip
65,Модульная система Elementa,fabric_icons/CORSO_08.png,corso-08,fabric_icons/JAZZ_01.png,jazz-01,fabric_icons/KILIAN_01.png,kilian-01,fabric_icons/VELUTTO_32.png,velutto-32,,,true,true,true,true,true,true,images/ELEMENTA_EL2_182_EL_MAX_VELUTTO_32_GOODS_01.png,Модульная система Elementa – стильная доминанта гостиной,291620,closeups/ELEMENTA_EL2_182_EL_MAX_VELUTTO_32_CLOSEUP.jpg,250,106,80,pdf/CONSONO.pdf,Инновационная пена Elax,Пух-перо,Фанера,Сталь,Пантограф,да,нет,schemes/CON_ARMCH.svg,Ортопедические свойства,2024-03-14 00:22:49.000 +0300,2024-03-14 00:26:49.000 +0300,elementa-mod1-velutto-32,5,3,5,1,2,carousel/ELEMENTA_EL2_182_EL_MAX_VELUTTO_32_CARD_01.jpg,carousel/ELEMENTA_EL2_182_EL_MAX_VELUTTO_32_CARD_02.jpg,carousel/ELEMENTA_EL2_182_EL_MAX_VELUTTO_32_CARD_03.jpg,carousel/ELEMENTA_EL2_182_EL_MAX_VELUTTO_32_CARD_04.jpg,,carousel/ELEMENTA_EL2_182_EL_MAX_VELUTTO_32_CARD_MOB_01.jpg,carousel/ELEMENTA_EL2_182_EL_MAX_VELUTTO_32_CARD_MOB_02.jpg,carousel/ELEMENTA_EL2_182_EL_MAX_VELUTTO_32_CARD_MOB_03.jpg,carousel/ELEMENTA_EL2_182_EL_MAX_VELUTTO_32_CARD_MOB_04.jpg,,,carousel/ELEMENTA_EL2_182_EL_MAX_VELUTTO_32_CARD_01.jpg,,,images/ELEMENTA_EL2_182_EL_MAX_VELUTTO_32_GOODS_01.png,true,3d/CONSONO_ARM_MAX2018.zip
66,Пуф Elementa,fabric_icons/CORSO_08.png,corso-08,fabric_icons/JAZZ_01.png,jazz-01,fabric_icons/KILIAN_01.png,kilian-01,fabric_icons/VELUTTO_32.png,velutto-32,,,true,true,true,true,true,true,images/ELEMENTA_POUF_M_CORS0_08_GOODS_01.png,"Пуф Elementa дополняет модульную систему. Конструируйте пространство так, как вам хочется",20000,closeups/ELEMENTA_POUF_M_CORS0_08_CLOSEUP.jpg,20,20,20,pdf/CONSONO.pdf,Инновационная пена Elax,Пух-перо,Фанера,Сталь,нет,нет,нет,schemes/CON_ARMCH.svg,Ортопедические свойства,2024-03-14 00:22:49.000 +0300,2024-03-14 00:26:49.000 +0300,elementa-poufl-corso-08,6,3,8,1,2,carousel/ELEMENTA_POUF_M_CORS0_08_CARD_01.jpg,carousel/ELEMENTA_POUF_M_CORS0_08_CARD_02.jpg,carousel/ELEMENTA_POUF_M_CORS0_08_CARD_03.jpg,carousel/ELEMENTA_POUF_M_CORS0_08_CARD_04.jpg,,carousel/ELEMENTA_POUF_M_CORS0_08_CARD_MOB_01.jpg,carousel/ELEMENTA_POUF_M_CORS0_08_CARD_MOB_02.jpg,carousel/ELEMENTA_POUF_M_CORS0_08_CARD_MOB_03.jpg,carousel/ELEMENTA_POUF_M_CORS0_08_CARD_MOB_04.jpg,,,carousel/ELEMENTA_POUF_M_CORS0_08_CARD_01.jpg,,,images/ELEMENTA_POUF_M_CORS0_08_GOODS_01.png,true,3d/CONSONO_ARM_MAX2018.zip
67,Пуф Elementa,fabric_icons/CORSO_08.png,corso-08,fabric_icons/JAZZ_01.png,jazz-01,fabric_icons/KILIAN_01.png,kilian-01,fabric_icons/VELUTTO_32.png,velutto-32,,,true,true,true,true,true,true,images/ELEMENTA_POUF_M_JAZZ_01_GOODS_01.png,"Пуф Elementa дополняет модульную систему. Конструируйте пространство так, как вам хочется",20000,closeups/ELEMENTA_POUF_M_JAZZ_01_CLOSEUP.jpg,20,20,20,pdf/CONSONO.pdf,Инновационная пена Elax,Пух-перо,Фанера,Сталь,нет,нет,нет,schemes/CON_ARMCH.svg,Ортопедические свойства,2024-03-14 00:22:49.000 +0300,2024-03-14 00:26:49.000 +0300,elementa-poufl-jazz-01,6,3,2,1,2,carousel/ELEMENTA_POUF_M_JAZZ_01_CARD_01.jpg,carousel/ELEMENTA_POUF_M_JAZZ_01_CARD_02.jpg,carousel/ELEMENTA_POUF_M_JAZZ_01_CARD_03.jpg,carousel/ELEMENTA_POUF_M_JAZZ_01_CARD_04.jpg,,carousel/ELEMENTA_POUF_M_JAZZ_01_CARD_MOB_01.jpg,carousel/ELEMENTA_POUF_M_JAZZ_01_CARD_MOB_02.jpg,carousel/ELEMENTA_POUF_M_JAZZ_01_CARD_MOB_03.jpg,carousel/ELEMENTA_POUF_M_JAZZ_01_CARD_MOB_04.jpg,,,carousel/ELEMENTA_POUF_M_JAZZ_01_CARD_01.jpg,,,images/ELEMENTA_POUF_M_JAZZ_01_GOODS_01.png,true,3d/CONSONO_ARM_MAX2018.zip
68,Пуф Elementa,fabric_icons/CORSO_08.png,corso-08,fabric_icons/JAZZ_01.png,jazz-01,fabric_icons/KILIAN_01.png,kilian-01,fabric_icons/VELUTTO_32.png,velutto-32,,,true,true,true,true,true,true,images/ELEMENTA_POUF_M_KILLIAN_01_GOODS_01.png,"Пуф Elementa дополняет модульную систему. Конструируйте пространство так, как вам хочется",20000,closeups/ELEMENTA_POUF_M_KILLIAN_01_CLOSEUP.jpg,20,20,20,pdf/CONSONO.pdf,Инновационная пена Elax,Пух-перо,Фанера,Сталь,нет,нет,нет,schemes/CON_ARMCH.svg,Ортопедические свойства,2024-03-14 00:22:49.000 +0300,2024-03-14 00:26:49.000 +0300,elementa-poufl-kilian-01,6,3,7,1,2,carousel/ELEMENTA_POUF_M_KILLIAN_01_CARD_01.jpg,carousel/ELEMENTA_POUF_M_KILLIAN_01_CARD_02.jpg,carousel/ELEMENTA_POUF_M_KILLIAN_01_CARD_03.jpg,carousel/ELEMENTA_POUF_M_KILLIAN_01_CARD_04.jpg,,carousel/ELEMENTA_POUF_M_KILLIAN_01_CARD_MOB_01.jpg,carousel/ELEMENTA_POUF_M_KILLIAN_01_CARD_MOB_02.jpg,carousel/ELEMENTA_POUF_M_KILLIAN_01_CARD_MOB_03.jpg,carousel/ELEMENTA_POUF_M_KILLIAN_01_CARD_MOB_04.jpg,,,carousel/ELEMENTA_POUF_M_KILLIAN_01_CARD_01.jpg,,,images/ELEMENTA_POUF_M_KILLIAN_01_GOODS_01.png,true,3d/CONSONO_ARM_MAX2018.zip
69,Пуф Elementa,fabric_icons/CORSO_08.png,corso-08,fabric_icons/JAZZ_01.png,jazz-01,fabric_icons/KILIAN_01.png,kilian-01,fabric_icons/VELUTTO_32.png,velutto-32,,,true,true,true,true,true,true,images/ELEMENTA_POUF_M_VELUTTO_32_GOODS_01.png,"Пуф Elementa дополняет модульную систему. Конструируйте пространство так, как вам хочется",20000,closeups/ELEMENTA_POUF_M_VELUTTO_32_CLOSEUP.jpg,20,20,20,pdf/CONSONO.pdf,Инновационная пена Elax,Пух-перо,Фанера,Сталь,нет,нет,нет,schemes/CON_ARMCH.svg,Ортопедические свойства,2024-03-14 00:22:49.000 +0300,2024-03-14 00:26:49.000 +0300,elementa-poufl-velutto-32,6,3,5,1,2,carousel/ELEMENTA_POUF_M_VELUTTO_32_CARD_01.jpg,carousel/ELEMENTA_POUF_M_VELUTTO_32_CARD_02.jpg,carousel/ELEMENTA_POUF_M_VELUTTO_32_CARD_03.jpg,carousel/ELEMENTA_POUF_M_VELUTTO_32_CARD_04.jpg,,carousel/ELEMENTA_POUF_M_VELUTTO_32_CARD_MOB_01.jpg,carousel/ELEMENTA_POUF_M_VELUTTO_32_CARD_MOB_02.jpg,carousel/ELEMENTA_POUF_M_VELUTTO_32_CARD_MOB_03.jpg,carousel/ELEMENTA_POUF_M_VELUTTO_32_CARD_MOB_04.jpg,,,carousel/ELEMENTA_POUF_M_VELUTTO_32_CARD_01.jpg,,,images/ELEMENTA_POUF_M_VELUTTO_32_GOODS_01.png,true,3d/CONSONO_ARM_MAX2018.zip
70,Малый пуф Elementa,fabric_icons/CORSO_08.png,corso-08,fabric_icons/JAZZ_01.png,jazz-01,fabric_icons/KILIAN_01.png,kilian-01,fabric_icons/VELUTTO_32.png,velutto-32,,,true,true,true,true,true,true,images/ELEMENTA_POUF_M_CORS0_08_GOODS_01.png,"Пуф Elementa дополняет модульную систему. Конструируйте пространство так, как вам хочется",10000,closeups/ELEMENTA_POUF_S_CORS0_08_CLOSEUP.jpg,10,10,10,pdf/CONSONO.pdf,Инновационная пена Elax,Пух-перо,Фанера,Сталь,нет,нет,нет,schemes/CON_ARMCH.svg,Ортопедические свойства,2024-03-14 00:22:49.000 +0300,2024-03-14 00:26:49.000 +0300,elementa-poufs-corso-08,9,3,8,1,2,carousel/ELEMENTA_POUF_S_CORS0_08_CARD_01.jpg,carousel/ELEMENTA_POUF_S_CORS0_08_CARD_02.jpg,carousel/ELEMENTA_POUF_S_CORS0_08_CARD_03.jpg,carousel/ELEMENTA_POUF_S_CORS0_08_CARD_04.jpg,,carousel/ELEMENTA_POUF_S_CORS0_08_CARD_MOB_01.jpg,carousel/ELEMENTA_POUF_S_CORS0_08_CARD_MOB_02.jpg,carousel/ELEMENTA_POUF_S_CORS0_08_CARD_MOB_03.jpg,carousel/ELEMENTA_POUF_S_CORS0_08_CARD_MOB_04.jpg,,,carousel/ELEMENTA_POUF_S_CORS0_08_CARD_01.jpg,,,images/ELEMENTA_POUF_M_CORS0_08_GOODS_01.png,true,3d/CONSONO_ARM_MAX2018.zip
71,Малый пуф Elementa,fabric_icons/CORSO_08.png,corso-08,fabric_icons/JAZZ_01.png,jazz-01,fabric_icons/KILIAN_01.png,kilian-01,fabric_icons/VELUTTO_32.png,velutto-32,,,true,true,true,true,true,true,images/ELEMENTA_POUF_M_JAZZ_01_GOODS_01.png,"Пуф Elementa дополняет модульную систему. Конструируйте пространство так, как вам хочется",10000,closeups/ELEMENTA_POUF_S_JAZZ_01_CLOSEUP.jpg,10,10,10,pdf/CONSONO.pdf,Инновационная пена Elax,Пух-перо,Фанера,Сталь,нет,нет,нет,schemes/CON_ARMCH.svg,Ортопедические свойства,2024-03-14 00:22:49.000 +0300,2024-03-14 00:26:49.000 +0300,elementa-poufs-jazz-01,9,3,2,1,2,carousel/ELEMENTA_POUF_S_JAZZ_01_CARD_01.jpg,carousel/ELEMENTA_POUF_S_JAZZ_01_CARD_02.jpg,carousel/ELEMENTA_POUF_S_JAZZ_01_CARD_03.jpg,carousel/ELEMENTA_POUF_S_JAZZ_01_CARD_04.jpg,,carousel/ELEMENTA_POUF_S_JAZZ_01_CARD_MOB_01.jpg,carousel/ELEMENTA_POUF_S_JAZZ_01_CARD_MOB_02.jpg,carousel/ELEMENTA_POUF_S_JAZZ_01_CARD_MOB_03.jpg,carousel/ELEMENTA_POUF_S_JAZZ_01_CARD_MOB_04.jpg,,,carousel/ELEMENTA_POUF_S_JAZZ_01_CARD_01.jpg,,,images/ELEMENTA_POUF_M_JAZZ_01_GOODS_01.png,true,3d/CONSONO_ARM_MAX2018.zip
72,Малый пуф Elementa,fabric_icons/CORSO_08.png,corso-08,fabric_icons/JAZZ_01.png,jazz-01,fabric_icons/KILIAN_01.png,kilian-01,fabric_icons/VELUTTO_32.png,velutto-32,,,true,true,true,true,true,true,images/ELEMENTA_POUF_M_KILLIAN_01_GOODS_01.png,"Пуф Elementa дополняет модульную систему. Конструируйте пространство так, как вам хочется",10000,closeups/ELEMENTA_POUF_S_KILLIAN_01_CLOSEUP.jpg,10,10,10,pdf/CONSONO.pdf,Инновационная пена Elax,Пух-перо,Фанера,Сталь,нет,нет,нет,schemes/CON_ARMCH.svg,Ортопедические свойства,2024-03-14 00:22:49.000 +0300,2024-03-14 00:26:49.000 +0300,elementa-poufs-kilian-01,9,3,7,1,2,carousel/ELEMENTA_POUF_S_KILLIAN_01_CARD_01.jpg,carousel/ELEMENTA_POUF_S_KILLIAN_01_CARD_02.jpg,carousel/ELEMENTA_POUF_S_KILLIAN_01_CARD_03.jpg,carousel/ELEMENTA_POUF_S_KILLIAN_01_CARD_04.jpg,,carousel/ELEMENTA_POUF_S_KILLIAN_01_CARD_MOB_01.jpg,carousel/ELEMENTA_POUF_S_KILLIAN_01_CARD_MOB_02.jpg,carousel/ELEMENTA_POUF_S_KILLIAN_01_CARD_MOB_03.jpg,carousel/ELEMENTA_POUF_S_KILLIAN_01_CARD_MOB_04.jpg,,,carousel/ELEMENTA_POUF_S_KILLIAN_01_CARD_01.jpg,,,images/ELEMENTA_POUF_M_KILLIAN_01_GOODS_01.png,true,3d/CONSONO_ARM_MAX2018.zip
73,Малый пуф Elementa,fabric_icons/CORSO_08.png,corso-08,fabric_icons/JAZZ_01.png,jazz-01,fabric_icons/KILIAN_01.png,kilian-01,fabric_icons/VELUTTO_32.png,velutto-32,,,true,true,true,true,true,true,images/ELEMENTA_POUF_M_VELUTTO_32_GOODS_01.png,"Пуф Elementa дополняет модульную систему. Конструируйте пространство так, как вам хочется",10000,closeups/ELEMENTA_POUF_S_VELUTTO_32_CLOSEUP.jpg,10,10,10,pdf/CONSONO.pdf,Инновационная пена Elax,Пух-перо,Фанера,Сталь,нет,нет,нет,schemes/CON_ARMCH.svg,Ортопедические свойства,2024-03-14 00:22:49.000 +0300,2024-03-14 00:26:49.000 +0300,elementa-poufs-velutto-32,9,3,5,1,2,carousel/ELEMENTA_POUF_S_VELUTTO_32_CARD_01.jpg,carousel/ELEMENTA_POUF_S_VELUTTO_32_CARD_02.jpg,carousel/ELEMENTA_POUF_S_VELUTTO_32_CARD_03.jpg,carousel/ELEMENTA_POUF_S_VELUTTO_32_CARD_04.jpg,,carousel/ELEMENTA_POUF_S_VELUTTO_32_CARD_MOB_01.jpg,carousel/ELEMENTA_POUF_S_VELUTTO_32_CARD_MOB_02.jpg,carousel/ELEMENTA_POUF_S_VELUTTO_32_CARD_MOB_03.jpg,carousel/ELEMENTA_POUF_S_VELUTTO_32_CARD_MOB_04.jpg,,,carousel/ELEMENTA_POUF_S_VELUTTO_32_CARD_01.jpg,,,images/ELEMENTA_POUF_M_VELUTTO_32_GOODS_01.png,true,3d/CONSONO_ARM_MAX2018.zip
74,Кресло Formeto,fabric_icons/CORSO_08.png,corso-08,fabric_icons/KILIAN_01.png,kilian-01,fabric_icons/VELUTTO_16.png,velutto-16,,,,,true,true,true,true,true,true,images/no_img.jpg,Кресло для уютных вечеров,62413,closeups/FORMETO_ARM_CORS0_08_CLOSEUP.jpg,114,86,103,pdf/CONSONO.pdf,Инновационная пена Elax,Пух-перо,Фанера,Сталь,да,да,да,schemes/CON_ARMCH.svg,Ортопедические свойства,2024-03-14 00:22:49.000 +0300,2024-03-14 00:26:49.000 +0300,formeto-arm-corso-08,1,7,8,1,2,carousel/FORMETO_ARM_CORS0_08_CARD_01.jpg,carousel/FORMETO_ARM_CORS0_08_CARD_02.jpg,carousel/FORMETO_ARM_CORS0_08_CARD_03.jpg,,,carousel/FORMETO_ARM_CORS0_08_CARD_MOB_01.jpg,carousel/FORMETO_ARM_CORS0_08_CARD_MOB_02.jpg,carousel/FORMETO_ARM_CORS0_08_CARD_MOB_03.jpg,,,,carousel/FORMETO_ARM_CORS0_08_CARD_01.jpg,,,images/no_img.jpg,true,3d/CONSONO_ARM_MAX2018.zip
75,Кресло Formeto,fabric_icons/CORSO_08.png,corso-08,fabric_icons/KILIAN_01.png,kilian-01,fabric_icons/VELUTTO_16.png,velutto-16,,,,,true,true,true,true,true,true,images/no_img.jpg,Кресло для уютных вечеров,62413,closeups/FORMETO_ARM_KILLIAN_01_CLOSEUP.jpg,114,86,103,pdf/CONSONO.pdf,Инновационная пена Elax,Пух-перо,Фанера,Сталь,да,да,да,schemes/CON_ARMCH.svg,Ортопедические свойства,2024-03-14 00:22:49.000 +0300,2024-03-14 00:26:49.000 +0300,formeto-arm-kilian-01,1,7,7,1,2,carousel/FORMETO_ARM_KILLIAN_01_CARD_01.jpg,carousel/FORMETO_ARM_KILLIAN_01_CARD_02.jpg,carousel/FORMETO_ARM_KILLIAN_01_CARD_03.jpg,,,carousel/FORMETO_ARM_KILLIAN_01_CARD_MOB_01.jpg,carousel/FORMETO_ARM_KILLIAN_01_CARD_MOB_02.jpg,carousel/FORMETO_ARM_KILLIAN_01_CARD_MOB_03.jpg,,,,carousel/FORMETO_ARM_KILLIAN_01_CARD_01.jpg,,,images/no_img.jpg,true,3d/CONSONO_ARM_MAX2018.zip
76,Кресло Formeto,fabric_icons/CORSO_08.png,corso-08,fabric_icons/KILIAN_01.png,kilian-01,fabric_icons/VELUTTO_16.png,velutto-16,,,,,true,true,true,true,true,true,images/no_img.jpg,Кресло для уютных вечеров,62413,closeups/FORMETO_ARM_VELUTTO_16_CLOSEUP.jpg,114,86,103,pdf/CONSONO.pdf,Инновационная пена Elax,Пух-перо,Фанера,Сталь,да,да,да,schemes/CON_ARMCH.svg,Ортопедические свойства,2024-03-14 00:22:49.000 +0300,2024-03-14 00:26:49.000 +0300,formeto-arm-velutto-16,1,7,11,1,2,carousel/FORMETO_ARM_VELUTTO_16_CARD_01.jpg,carousel/FORMETO_ARM_VELUTTO_16_CARD_02.jpg,carousel/FORMETO_ARM_VELUTTO_16_CARD_03.jpg,,,carousel/FORMETO_ARM_VELUTTO_16_CARD_MOB_01.jpg,carousel/FORMETO_ARM_VELUTTO_16_CARD_MOB_02.jpg,carousel/FORMETO_ARM_VELUTTO_16_CARD_MOB_03.jpg,,,,carousel/FORMETO_ARM_VELUTTO_16_CARD_01.jpg,,,images/no_img.jpg,true,3d/CONSONO_ARM_MAX2018.zip
77,Угловой диван Formeto,fabric_icons/CORSO_08.png,corso-08,fabric_icons/KILIAN_01.png,kilian-01,fabric_icons/PIXEL_FOREST.png,pixel-forest,fabric_icons/VELUTTO_16.png,velutto-16,,,true,true,true,true,true,true,images/FORMETO_CORNER_CORS0_08_TYPE_01.png,Угловой диван Formeto отлично впишется в любой интерьер,180762,closeups/FORMETO_CORNER_CORS0_08_CLOSEUP.jpg,257,86,178,pdf/CONSONO.pdf,Инновационная пена Elax,Пух-перо,Фанера,Сталь,да,да,да,schemes/CON_ARMCH.svg,Ортопедические свойства,2024-03-14 00:22:49.000 +0300,2024-03-14 00:26:49.000 +0300,formeto-cornerl-corso-08,3,7,8,1,2,carousel/FORMETO_CORNER_CORS0_08_CARD_01.jpg,carousel/FORMETO_CORNER_CORS0_08_CARD_02.jpg,carousel/FORMETO_CORNER_CORS0_08_CARD_03.jpg,carousel/FORMETO_CORNER_CORS0_08_CARD_04.jpg,,carousel/FORMETO_CORNER_CORS0_08_CARD_MOB_01.jpg,carousel/FORMETO_CORNER_CORS0_08_CARD_MOB_02.jpg,carousel/FORMETO_CORNER_CORS0_08_CARD_MOB_03.jpg,carousel/FORMETO_CORNER_CORS0_08_CARD_MOB_04.jpg,,,carousel/FORMETO_CORNER_CORS0_08_CARD_01.jpg,,,images/FORMETO_CORNER_CORS0_08_TYPE_01.png,true,3d/CONSONO_ARM_MAX2018.zip
78,Угловой диван Formeto,fabric_icons/CORSO_08.png,corso-08,fabric_icons/KILIAN_01.png,kilian-01,fabric_icons/PIXEL_FOREST.png,pixel-forest,fabric_icons/VELUTTO_16.png,velutto-16,,,true,true,true,true,true,true,images/FORMETO_CORNER_KILLIAN_01_TYPE_01.png,Угловой диван Formeto отлично впишется в любой интерьер,180762,closeups/FORMETO_CORNER_KILLIAN_01_CLOSEUP.jpg,257,86,178,pdf/CONSONO.pdf,Инновационная пена Elax,Пух-перо,Фанера,Сталь,да,да,да,schemes/CON_ARMCH.svg,Ортопедические свойства,2024-03-14 00:22:49.000 +0300,2024-03-14 00:26:49.000 +0300,formeto-cornerl-kilian-01,3,7,7,1,2,carousel/FORMETO_CORNER_KILLIAN_01_CARD_01.jpg,carousel/FORMETO_CORNER_KILLIAN_01_CARD_02.jpg,carousel/FORMETO_CORNER_KILLIAN_01_CARD_03.jpg,carousel/FORMETO_CORNER_KILLIAN_01_CARD_04.jpg,,carousel/FORMETO_CORNER_KILLIAN_01_CARD_MOB_01.jpg,carousel/FORMETO_CORNER_KILLIAN_01_CARD_MOB_02.jpg,carousel/FORMETO_CORNER_KILLIAN_01_CARD_MOB_03.jpg,carousel/FORMETO_CORNER_KILLIAN_01_CARD_MOB_04.jpg,,,carousel/FORMETO_CORNER_KILLIAN_01_CARD_01.jpg,,,images/FORMETO_CORNER_KILLIAN_01_TYPE_01.png,true,3d/CONSONO_ARM_MAX2018.zip
79,Угловой диван Formeto,fabric_icons/CORSO_08.png,corso-08,fabric_icons/KILIAN_01.png,kilian-01,fabric_icons/PIXEL_FOREST.png,pixel-forest,fabric_icons/VELUTTO_16.png,velutto-16,,,true,true,true,true,true,true,images/FORMETO_CORNER_PIXEL_FOREST_TYPE_01.png,Угловой диван Formeto отлично впишется в любой интерьер,180762,closeups/FORMETO_CORNER_PIXEL_FOREST_CLOSEUP.jpg,257,86,178,pdf/CONSONO.pdf,Инновационная пена Elax,Пух-перо,Фанера,Сталь,да,да,да,schemes/CON_ARMCH.svg,Ортопедические свойства,2024-03-14 00:22:49.000 +0300,2024-03-14 00:26:49.000 +0300,formeto-cornerl-pixel-forest,3,7,4,1,2,carousel/FORMETO_CORNER_PIXEL_FOREST_CARD_01.jpg,carousel/FORMETO_CORNER_PIXEL_FOREST_CARD_02.jpg,carousel/FORMETO_CORNER_PIXEL_FOREST_CARD_03.jpg,carousel/FORMETO_CORNER_PIXEL_FOREST_CARD_04.jpg,,carousel/FORMETO_CORNER_PIXEL_FOREST_CARD_MOB_01.jpg,carousel/FORMETO_CORNER_PIXEL_FOREST_CARD_MOB_02.jpg,carousel/FORMETO_CORNER_PIXEL_FOREST_CARD_MOB_03.jpg,carousel/FORMETO_CORNER_PIXEL_FOREST_CARD_MOB_04.jpg,,,carousel/FORMETO_CORNER_PIXEL_FOREST_CARD_01.jpg,,,images/FORMETO_CORNER_PIXEL_FOREST_TYPE_01.png,true,3d/CONSONO_ARM_MAX2018.zip
80,Угловой диван Formeto,fabric_icons/CORSO_08.png,corso-08,fabric_icons/KILIAN_01.png,kilian-01,fabric_icons/PIXEL_FOREST.png,pixel-forest,fabric_icons/VELUTTO_16.png,velutto-16,,,true,true,true,true,true,true,images/FORMETO_CORNER_VELUTTO_16_TYPE_01.png,Угловой диван Formeto отлично впишется в любой интерьер,180762,closeups/FORMETO_CORNER_VELUTTO_16_CLOSEUP.jpg,257,86,178,pdf/CONSONO.pdf,Инновационная пена Elax,Пух-перо,Фанера,Сталь,да,да,да,schemes/CON_ARMCH.svg,Ортопедические свойства,2024-03-14 00:22:49.000 +0300,2024-03-14 00:26:49.000 +0300,formeto-cornerl-velutto-16,3,7,11,1,2,carousel/FORMETO_CORNER_VELUTTO_16_CARD_01.jpg,carousel/FORMETO_CORNER_VELUTTO_16_CARD_02.jpg,carousel/FORMETO_CORNER_VELUTTO_16_CARD_03.jpg,carousel/FORMETO_CORNER_VELUTTO_16_CARD_04.jpg,,carousel/FORMETO_CORNER_VELUTTO_16_CARD_MOB_01.jpg,carousel/FORMETO_CORNER_VELUTTO_16_CARD_MOB_02.jpg,carousel/FORMETO_CORNER_VELUTTO_16_CARD_MOB_03.jpg,carousel/FORMETO_CORNER_VELUTTO_16_CARD_MOB_04.jpg,,,carousel/FORMETO_CORNER_VELUTTO_16_CARD_01.jpg,,,images/FORMETO_CORNER_VELUTTO_16_TYPE_01.png,true,3d/CONSONO_ARM_MAX2018.zip
81,Прямой диван Formeto,fabric_icons/CORSO_08.png,corso-08,fabric_icons/KILIAN_01.png,kilian-01,fabric_icons/PIXEL_FOREST.png,pixel-forest,fabric_icons/VELUTTO_16.png,velutto-16,,,true,true,true,true,true,true,images/FORMETO_SOFA_2M_ST_CORS0_08_GOODS_01.png,Прямой диван Formeto – универсальный выбор,118779,closeups/FORMETO_SOFA_CORS0_08_CLOSEUP.jpg,240,86,103,pdf/CONSONO.pdf,Инновационная пена Elax,Пух-перо,Фанера,Сталь,да,да,да,schemes/CON_ARMCH.svg,Ортопедические свойства,2024-03-14 00:22:49.000 +0300,2024-03-14 00:26:49.000 +0300,formeto-sofa_2m_st-corso-08,10,7,8,1,2,carousel/FORMETO_SOFA_2M_CORS0_08_CARD_01.jpg,carousel/FORMETO_SOFA_2M_CORS0_08_CARD_02.jpg,carousel/FORMETO_SOFA_2M_CORS0_08_CARD_03.jpg,carousel/FORMETO_SOFA_2M_CORS0_08_CARD_04.jpg,,carousel/FORMETO_SOFA_2M_CORS0_08_CARD_MOB_01.jpg,carousel/FORMETO_SOFA_2M_CORS0_08_CARD_MOB_02.jpg,carousel/FORMETO_SOFA_2M_CORS0_08_CARD_MOB_03.jpg,carousel/FORMETO_SOFA_2M_CORS0_08_CARD_MOB_04.jpg,carousel/SEMPERO_SOFA_3M_ST_CORS0_08_CARD_05.jpg,,carousel/FORMETO_SOFA_2M_CORS0_08_CARD_01.jpg,,,images/FORMETO_SOFA_2M_ST_CORS0_08_GOODS_01.png,true,3d/CONSONO_ARM_MAX2018.zip
82,Прямой диван Formeto,fabric_icons/CORSO_08.png,corso-08,fabric_icons/KILIAN_01.png,kilian-01,fabric_icons/PIXEL_FOREST.png,pixel-forest,fabric_icons/VELUTTO_16.png,velutto-16,,,true,true,true,true,true,true,images/FORMETO_SOFA_2M_ST_KILLIAN_01_GOODS_01.png,Прямой диван Formeto – универсальный выбор,118779,closeups/FORMETO_SOFA_KILLIAN_01_CLOSEUP.jpg,240,86,103,pdf/CONSONO.pdf,Инновационная пена Elax,Пух-перо,Фанера,Сталь,да,да,да,schemes/CON_ARMCH.svg,Ортопедические свойства,2024-03-14 00:22:49.000 +0300,2024-03-14 00:26:49.000 +0300,formeto-sofa_2m_st-kilian-01,10,7,7,1,2,carousel/FORMETO_SOFA_2M_KILLIAN_01_CARD_01.jpg,carousel/FORMETO_SOFA_2M_KILLIAN_01_CARD_02.jpg,carousel/FORMETO_SOFA_2M_KILLIAN_01_CARD_03.jpg,carousel/FORMETO_SOFA_2M_KILLIAN_01_CARD_04.jpg,,carousel/FORMETO_SOFA_2M_KILLIAN_01_CARD_MOB_01.jpg,carousel/FORMETO_SOFA_2M_KILLIAN_01_CARD_MOB_02.jpg,carousel/FORMETO_SOFA_2M_KILLIAN_01_CARD_MOB_03.jpg,carousel/FORMETO_SOFA_2M_KILLIAN_01_CARD_MOB_04.jpg,carousel/SEMPERO_SOFA_3M_ST_LEATHER_BLACK_CARD_05.jpg,,carousel/FORMETO_SOFA_2M_KILLIAN_01_CARD_01.jpg,,,images/FORMETO_SOFA_2M_ST_KILLIAN_01_GOODS_01.png,true,3d/CONSONO_ARM_MAX2018.zip
83,Прямой диван Formeto,fabric_icons/CORSO_08.png,corso-08,fabric_icons/KILIAN_01.png,kilian-01,fabric_icons/PIXEL_FOREST.png,pixel-forest,fabric_icons/VELUTTO_16.png,velutto-16,,,true,true,true,true,true,true,images/FORMETO_SOFA_2M_ST_KILLIAN_01_GOODS_01.png,Прямой диван Formeto – универсальный выбор,118779,closeups/FORMETO_SOFA_PIXEL_FOREST_CLOSEUP.jpg,240,86,103,pdf/CONSONO.pdf,Инновационная пена Elax,Пух-перо,Фанера,Сталь,да,да,да,schemes/CON_ARMCH.svg,Ортопедические свойства,2024-03-14 00:22:49.000 +0300,2024-03-14 00:26:49.000 +0300,formeto-sofa_2m_st-pixel-forest,10,7,4,1,2,carousel/FORMETO_SOFA_2M_PIXEL_FOREST_CARD_01.jpg,carousel/FORMETO_SOFA_2M_PIXEL_FOREST_CARD_02.jpg,carousel/FORMETO_SOFA_2M_PIXEL_FOREST_CARD_03.jpg,carousel/FORMETO_SOFA_2M_PIXEL_FOREST_CARD_04.jpg,,carousel/FORMETO_SOFA_2M_PIXEL_FOREST_CARD_MOB_01.jpg,carousel/FORMETO_SOFA_2M_PIXEL_FOREST_CARD_MOB_02.jpg,carousel/FORMETO_SOFA_2M_PIXEL_FOREST_CARD_MOB_03.jpg,carousel/FORMETO_SOFA_2M_PIXEL_FOREST_CARD_MOB_04.jpg,carousel/SEMPERO_SOFA_3M_ST_LEATHER_BROWN_CARD_05.jpg,,carousel/FORMETO_SOFA_2M_PIXEL_FOREST_CARD_01.jpg,,,images/FORMETO_SOFA_2M_ST_KILLIAN_01_GOODS_01.png,true,3d/CONSONO_ARM_MAX2018.zip
84,Прямой диван Formeto,fabric_icons/CORSO_08.png,corso-08,fabric_icons/KILIAN_01.png,kilian-01,fabric_icons/PIXEL_FOREST.png,pixel-forest,fabric_icons/VELUTTO_16.png,velutto-16,,,true,true,true,true,true,true,images/FORMETO_SOFA_2M_ST_PIXEL_FOREST_GOODS_01.png,Прямой диван Formeto – универсальный выбор,118779,closeups/FORMETO_SOFA_VELUTTO_16_CLOSEUP.jpg,240,86,103,pdf/CONSONO.pdf,Инновационная пена Elax,Пух-перо,Фанера,Сталь,да,да,да,schemes/CON_ARMCH.svg,Ортопедические свойства,2024-03-14 00:22:49.000 +0300,2024-03-14 00:26:49.000 +0300,formeto-sofa_2m_st-velutto-16,10,7,11,1,2,carousel/FORMETO_SOFA_2M_VELUTTO_16_CARD_01.jpg,carousel/FORMETO_SOFA_2M_VELUTTO_16_CARD_02.jpg,carousel/FORMETO_SOFA_2M_VELUTTO_16_CARD_03.jpg,carousel/FORMETO_SOFA_2M_VELUTTO_16_CARD_04.jpg,,carousel/FORMETO_SOFA_2M_VELUTTO_16_CARD_MOB_01.jpg,carousel/FORMETO_SOFA_2M_VELUTTO_16_CARD_MOB_02.jpg,carousel/FORMETO_SOFA_2M_VELUTTO_16_CARD_MOB_03.jpg,carousel/FORMETO_SOFA_2M_VELUTTO_16_CARD_MOB_04.jpg,carousel/SEMPERO_SOFA_3M_ST_VELUTTO_16_CARD_05.jpg,,carousel/FORMETO_SOFA_2M_VELUTTO_16_CARD_01.jpg,,,images/FORMETO_SOFA_2M_ST_PIXEL_FOREST_GOODS_01.png,true,3d/CONSONO_ARM_MAX2018.zip
85,Прямой диван Sempero,fabric_icons/CORSO_08.png,corso-08,fabric_icons/LEATHER_BLACK.png,leather-black,fabric_icons/LEATHER_BROWN.png,leather-brown,fabric_icons/VELUTTO_16.png,velutto-16,,,true,true,true,true,true,true,images/SEMPERO_SOFA_3M_ST_CORS0_08_GOODS_01.png,Прямой трехместный диван Sempero,118632,closeups/SEMPERO_SOFA_3M_ST_CORSO_08_CLOSEUP.jpg,226,92,90,pdf/CONSONO.pdf,Инновационная пена Elax,Пух-перо,Фанера,Сталь,Пантограф,да,да,schemes/CON_ARMCH.svg,Ортопедические свойства,2024-03-14 00:22:49.000 +0300,2024-03-14 00:26:49.000 +0300,sempero-sofa_3m_st-corso-08,12,8,8,1,2,carousel/SEMPERO_SOFA_3M_ST_CORS0_08_CARD_01.jpg,carousel/SEMPERO_SOFA_3M_ST_CORS0_08_CARD_02.jpg,carousel/SEMPERO_SOFA_3M_ST_CORS0_08_CARD_03.jpg,carousel/SEMPERO_SOFA_3M_ST_CORS0_08_CARD_04.jpg,carousel/SEMPERO_SOFA_3M_ST_CORS0_08_CARD_05.jpg,carousel/SEMPERO_SOFA_3M_ST_CORS0_08_CARD_MOB_01.jpg,carousel/SEMPERO_SOFA_3M_ST_CORS0_08_CARD_MOB_02.jpg,carousel/SEMPERO_SOFA_3M_ST_CORS0_08_CARD_MOB_03.jpg,carousel/SEMPERO_SOFA_3M_ST_CORS0_08_CARD_MOB_04.jpg,carousel/SEMPERO_SOFA_3M_ST_CORS0_08_CARD_MOB_05.jpg,,carousel/SEMPERO_SOFA_3M_ST_CORS0_08_CARD_01.jpg,,,images/SEMPERO_SOFA_3M_ST_CORS0_08_GOODS_01.png,true,3d/CONSONO_ARM_MAX2018.zip
86,Прямой диван Sempero,fabric_icons/CORSO_08.png,corso-08,fabric_icons/LEATHER_BLACK.png,leather-black,fabric_icons/LEATHER_BROWN.png,leather-brown,fabric_icons/VELUTTO_16.png,velutto-16,,,true,true,true,true,true,true,images/SEMPERO_SOFA_3M_ST_LEATHER_BLACK_GOODS_01.png,Прямой трехместный диван Sempero,118632,closeups/SEMPERO_SOFA_3M_ST_LEATHER_BLACK_CLOSEUP.jpg,226,92,90,pdf/CONSONO.pdf,Инновационная пена Elax,Пух-перо,Фанера,Сталь,Пантограф,да,да,schemes/CON_ARMCH.svg,Ортопедические свойства,2024-03-14 00:22:49.000 +0300,2024-03-14 00:26:49.000 +0300,sempero-sofa_3m_st-leather-black,12,8,12,1,2,carousel/SEMPERO_SOFA_3M_ST_LEATHER_BLACK_CARD_01.jpg,carousel/SEMPERO_SOFA_3M_ST_LEATHER_BLACK_CARD_02.jpg,carousel/SEMPERO_SOFA_3M_ST_LEATHER_BLACK_CARD_03.jpg,carousel/SEMPERO_SOFA_3M_ST_LEATHER_BLACK_CARD_04.jpg,carousel/SEMPERO_SOFA_3M_ST_LEATHER_BLACK_CARD_05.jpg,carousel/SEMPERO_SOFA_3M_ST_LEATHER_BLACK_CARD_MOB_01.jpg,carousel/SEMPERO_SOFA_3M_ST_LEATHER_BLACK_CARD_MOB_02.jpg,carousel/SEMPERO_SOFA_3M_ST_LEATHER_BLACK_CARD_MOB_03.jpg,carousel/SEMPERO_SOFA_3M_ST_LEATHER_BLACK_CARD_MOB_04.jpg,carousel/SEMPERO_SOFA_3M_ST_LEATHER_BLACK_CARD_MOB_05.jpg,,carousel/SEMPERO_SOFA_3M_ST_LEATHER_BLACK_CARD_01.jpg,,,images/SEMPERO_SOFA_3M_ST_LEATHER_BLACK_GOODS_01.png,true,3d/CONSONO_ARM_MAX2018.zip
87,Прямой диван Sempero,fabric_icons/CORSO_08.png,corso-08,fabric_icons/LEATHER_BLACK.png,leather-black,fabric_icons/LEATHER_BROWN.png,leather-brown,fabric_icons/VELUTTO_16.png,velutto-16,,,true,true,true,true,true,true,images/SEMPERO_SOFA_3M_ST_LEATHER_BROWN_GOODS_01.png,Прямой трехместный диван Sempero,118632,closeups/SEMPERO_SOFA_3M_ST_LEATHER_BROWN_CLOSEUP.jpg,226,92,90,pdf/CONSONO.pdf,Инновационная пена Elax,Пух-перо,Фанера,Сталь,Пантограф,да,да,schemes/CON_ARMCH.svg,Ортопедические свойства,2024-03-14 00:22:49.000 +0300,2024-03-14 00:26:49.000 +0300,sempero-sofa_3m_st-leather-brown,12,8,10,1,2,carousel/SEMPERO_SOFA_3M_ST_LEATHER_BROWN_CARD_01.jpg,carousel/SEMPERO_SOFA_3M_ST_LEATHER_BROWN_CARD_02.jpg,carousel/SEMPERO_SOFA_3M_ST_LEATHER_BROWN_CARD_03.jpg,carousel/SEMPERO_SOFA_3M_ST_LEATHER_BROWN_CARD_04.jpg,carousel/SEMPERO_SOFA_3M_ST_LEATHER_BROWN_CARD_05.jpg,carousel/SEMPERO_SOFA_3M_ST_LEATHER_BROWN_CARD_MOB_01.jpg,carousel/SEMPERO_SOFA_3M_ST_LEATHER_BROWN_CARD_MOB_02.jpg,carousel/SEMPERO_SOFA_3M_ST_LEATHER_BROWN_CARD_MOB_03.jpg,carousel/SEMPERO_SOFA_3M_ST_LEATHER_BROWN_CARD_MOB_04.jpg,carousel/SEMPERO_SOFA_3M_ST_LEATHER_BROWN_CARD_MOB_05.jpg,,carousel/SEMPERO_SOFA_3M_ST_LEATHER_BROWN_CARD_01.jpg,,,images/SEMPERO_SOFA_3M_ST_LEATHER_BROWN_GOODS_01.png,true,3d/CONSONO_ARM_MAX2018.zip
88,Прямой диван Sempero,fabric_icons/CORSO_08.png,corso-08,fabric_icons/LEATHER_BLACK.png,leather-black,fabric_icons/LEATHER_BROWN.png,leather-brown,fabric_icons/VELUTTO_16.png,velutto-16,,,true,true,true,true,true,true,images/SEMPERO_SOFA_3M_ST_VELUTTO_16_GOODS_01.png,Прямой трехместный диван Sempero,118632,closeups/SEMPERO_SOFA_3M_ST_VELUTTO_16_CLOSEUP.jpg,226,92,90,pdf/CONSONO.pdf,Инновационная пена Elax,Пух-перо,Фанера,Сталь,Пантограф,да,да,schemes/CON_ARMCH.svg,Ортопедические свойства,2024-03-14 00:22:49.000 +0300,2024-03-14 00:26:49.000 +0300,sempero-sofa_3m_st-velutto-16,12,8,11,1,2,carousel/SEMPERO_SOFA_3M_ST_VELUTTO_16_CARD_01.jpg,carousel/SEMPERO_SOFA_3M_ST_VELUTTO_16_CARD_02.jpg,carousel/SEMPERO_SOFA_3M_ST_VELUTTO_16_CARD_03.jpg,carousel/SEMPERO_SOFA_3M_ST_VELUTTO_16_CARD_04.jpg,carousel/SEMPERO_SOFA_3M_ST_VELUTTO_16_CARD_05.jpg,carousel/SEMPERO_SOFA_3M_ST_VELUTTO_16_CARD_MOB_01.jpg,carousel/SEMPERO_SOFA_3M_ST_VELUTTO_16_CARD_MOB_02.jpg,carousel/SEMPERO_SOFA_3M_ST_VELUTTO_16_CARD_MOB_03.jpg,carousel/SEMPERO_SOFA_3M_ST_VELUTTO_16_CARD_MOB_04.jpg,carousel/SEMPERO_SOFA_3M_ST_VELUTTO_16_CARD_MOB_05.jpg,,carousel/SEMPERO_SOFA_3M_ST_VELUTTO_16_CARD_01.jpg,carousel/SEMPERO_SOFA_3M_ST_VELUTTO_16_CARD_06.jpg,carousel/SEMPERO_SOFA_3M_ST_VELUTTO_16_CARD_MOB_06.jpg,images/SEMPERO_SOFA_3M_ST_VELUTTO_16_GOODS_01.png,true,3d/CONSONO_ARM_MAX2018.zip
